<?xml version="1.0" encoding="utf-8" standalone="yes" ?>
<Window size="474,295" sizebox="4,4,6,6" caption="0,0,0,30" mininfo="475,295" maxinfo="475,295" roundcorner="5,5">
    <Font name="宋体" size="13" bold="true" italic="false" />
    <Font name="宋体" size="12" bold="true" italic="false" />
    <Font name="宋体" size="12" bold="false" italic="false" />
    <Font name="宋体" size="14" bold="true" italic="false" />
    <Font name="宋体" size="22" bold="true" italic="true" />
    <Font name="SimSun" size="12" bold="false" italic="false" default="true" />
    <VerticalLayout bordersize="1" width="472" height="295" bkcolor="#FFD1E8F5" bkcolor2="#FFC6E0F1" bordercolor="#FF768D9B" inset="1,0,1,0">
        <HorizontalLayout width="523" height="38">
            <HorizontalLayout width="398" height="37">
                <Container width="30" height="33" bkimage="file=&apos;icon\icon.png&apos;" />
                <Text text="Tip:" float="true" pos="31,6,0,0" width="96" height="25" textpadding="2,0,2,0" textcolor="#FF447AA1" disabledtextcolor="#FFA7A6AA" font="0" align="wrap" />
            </HorizontalLayout>
            <HorizontalLayout width="76" height="38" inset="0,1,0,0">
                <Button name="minbtn" maxheight="17" maxwidth="26" textcolor="#FF000000" disabledtextcolor="#FFA7A6AA" align="center" normalimage="file=&apos;bk\command\sys_dlg_min.png&apos; source=&apos;52,0,78,17&apos;" hotimage="file=&apos;bk\command\sys_dlg_min.png&apos; source=&apos;26,0,52,17&apos;" pushedimage="file=&apos;bk\command\sys_dlg_min.png&apos; source=&apos;0,0,26,17&apos;" />
                <Button name="closebtn" maxheight="17" maxwidth="45" textcolor="#FF000000" disabledtextcolor="#FFA7A6AA" align="center" normalimage="file=&apos;bk\command\sys_dlg_close.png&apos; source=&apos;90,0,135,17&apos;" hotimage="file=&apos;bk\command\sys_dlg_close.png&apos; source=&apos;45,0,90,17&apos;" pushedimage="file=&apos;bk\command\sys_dlg_close.png&apos; source=&apos;0,0,45,17&apos;" />
            </HorizontalLayout>
        </HorizontalLayout>
        <HorizontalLayout width="471" height="230">
            <Label width="148" height="229" bkimage="skin\bk\bili22.jpg" textcolor="#FF000000" disabledtextcolor="#FFA7A6AA" align="center" />
            <Label width="176" height="229" bkimage="skin\bk\huaji.png" textcolor="#FF000000" disabledtextcolor="#FFA7A6AA" align="center" />
            <Label width="148" height="229" bkimage="skin\bk\yezi.png" textcolor="#FF000000" disabledtextcolor="#FFA7A6AA" align="center" />
            <Label float="true" pos="0,0,0,0" width="68" height="52" bkimage="skin\bk\Sign_logo.png" textcolor="#FF000000" disabledtextcolor="#FFA7A6AA" />
            <Label float="true" pos="148,0,0,0" width="68" height="52" bkimage="skin\bk\Sign_logo.png" textcolor="#FF000000" disabledtextcolor="#FFA7A6AA" />
            <Label float="true" pos="324,1,0,0" width="68" height="52" bkimage="skin\bk\Sign_logo.png" textcolor="#FF000000" disabledtextcolor="#FFA7A6AA" />
        </HorizontalLayout>
        <HorizontalLayout width="491" height="26">
            <Label name="Label_bili22" text="bilibili 22娘 9999 天" width="147" height="24" textcolor="#00FF0000" disabledtextcolor="#FFA7A6AA" font="1" align="center" />
            <Label name="Label_huaji" text="滑稽头套 9999 天" width="176" height="24" textcolor="#00808000" disabledtextcolor="#FFA7A6AA" font="1" align="center" />
            <Label name="Label_yezi" text="叶子 9999 " width="147" height="24" textcolor="#00800000" disabledtextcolor="#FFA7A6AA" font="1" align="center" />
        </HorizontalLayout>
    </VerticalLayout>
</Window>
