<?xml version="1.0" encoding="utf-8" standalone="yes" ?>
<Window size="786,457" sizebox="4,4,6,6" caption="0,0,0,30">
    <Font name="Segoe Script" size="21" bold="false" italic="false" />
    <Font name="Impact" size="16" bold="false" italic="false" />
    <HorizontalLayout width="786" height="457">
        <HorizontalLayout width="450" height="464" bkimage="bk\calendar.png">
            <Text name="Text_yyd" text="none 007" float="true" pos="116,48,0,0" width="221" height="26" textpadding="2,0,2,0" textcolor="#00FF0000" disabledtextcolor="#FFA7A6AA" font="1" align="centerwrap" />
            <Option name="OptionUI1" float="true" pos="59,155,0,0" width="45" height="39" textcolor="#FF000000" disabledtextcolor="#FFA7A6AA" font="0" align="center" hotimage="bk\command\toolbar_hover.png" />
            <Option name="OptionUI2" float="true" pos="108,155,0,0" width="45" height="39" textcolor="#FF000000" disabledtextcolor="#FFA7A6AA" font="0" align="center" hotimage="bk\command\toolbar_hover.png" />
            <Option name="OptionUI3" float="true" pos="156,155,0,0" width="45" height="39" textcolor="#FF000000" disabledtextcolor="#FFA7A6AA" font="0" align="center" hotimage="bk\command\toolbar_hover.png" />
            <Option name="OptionUI4" float="true" pos="205,155,0,0" width="45" height="39" textcolor="#FF000000" disabledtextcolor="#FFA7A6AA" font="0" align="center" hotimage="bk\command\toolbar_hover.png" />
            <Option name="OptionUI5" float="true" pos="253,155,0,0" width="45" height="39" textcolor="#FF000000" disabledtextcolor="#FFA7A6AA" font="0" align="center" hotimage="bk\command\toolbar_hover.png" />
            <Option name="OptionUI6" float="true" pos="301,155,0,0" width="45" height="39" textcolor="#FF000000" disabledtextcolor="#FFA7A6AA" font="0" align="center" hotimage="bk\command\toolbar_hover.png" />
            <Option name="OptionUI7" float="true" pos="349,155,0,0" width="45" height="39" textcolor="#FF000000" disabledtextcolor="#FFA7A6AA" font="0" align="center" hotimage="bk\command\toolbar_hover.png" />

            <Option name="OptionUI8" float="true" pos="59,199,0,0" width="45" height="39" textcolor="#FF000000" disabledtextcolor="#FFA7A6AA" font="0" align="center" hotimage="bk\command\toolbar_hover.png" />
            <Option name="OptionUI9" float="true" pos="108,199,0,0" width="45" height="39" textcolor="#FF000000" disabledtextcolor="#FFA7A6AA" font="0" align="center" hotimage="bk\command\toolbar_hover.png" />
            <Option name="OptionUI10" float="true" pos="156,199,0,0" width="45" height="39" textcolor="#FF000000" disabledtextcolor="#FFA7A6AA" font="0" align="center" hotimage="bk\command\toolbar_hover.png" />
            <Option name="OptionUI11" float="true" pos="205,199,0,0" width="45" height="39" textcolor="#FF000000" disabledtextcolor="#FFA7A6AA" font="0" align="center" hotimage="bk\command\toolbar_hover.png" />
            <Option name="OptionUI12" float="true" pos="253,199,0,0" width="45" height="39" textcolor="#FF000000" disabledtextcolor="#FFA7A6AA" font="0" align="center" hotimage="bk\command\toolbar_hover.png" />
            <Option name="OptionUI13" float="true" pos="301,199,0,0" width="45" height="39" textcolor="#FF000000" disabledtextcolor="#FFA7A6AA" font="0" align="center" hotimage="bk\command\toolbar_hover.png" />
            <Option name="OptionUI14" float="true" pos="349,199,0,0" width="45" height="39" textcolor="#FF000000" disabledtextcolor="#FFA7A6AA" font="0" align="center" hotimage="bk\command\toolbar_hover.png" />
        
            <Option name="OptionUI15" float="true" pos="59,243,0,0" width="45" height="39" textcolor="#FF000000" disabledtextcolor="#FFA7A6AA" font="0" align="center" hotimage="bk\command\toolbar_hover.png" />
            <Option name="OptionUI16" float="true" pos="108,243,0,0" width="45" height="39" textcolor="#FF000000" disabledtextcolor="#FFA7A6AA" font="0" align="center" hotimage="bk\command\toolbar_hover.png" />
            <Option name="OptionUI17" float="true" pos="156,243,0,0" width="45" height="39" textcolor="#FF000000" disabledtextcolor="#FFA7A6AA" font="0" align="center" hotimage="bk\command\toolbar_hover.png" />
            <Option name="OptionUI18" float="true" pos="205,243,0,0" width="45" height="39" textcolor="#FF000000" disabledtextcolor="#FFA7A6AA" font="0" align="center" hotimage="bk\command\toolbar_hover.png" />
            <Option name="OptionUI19" float="true" pos="253,243,0,0" width="45" height="39" textcolor="#FF000000" disabledtextcolor="#FFA7A6AA" font="0" align="center" hotimage="bk\command\toolbar_hover.png" />
            <Option name="OptionUI20" float="true" pos="301,243,0,0" width="45" height="39" textcolor="#FF000000" disabledtextcolor="#FFA7A6AA" font="0" align="center" hotimage="bk\command\toolbar_hover.png" />
            <Option name="OptionUI21" float="true" pos="349,243,0,0" width="45" height="39" textcolor="#FF000000" disabledtextcolor="#FFA7A6AA" font="0" align="center" hotimage="bk\command\toolbar_hover.png" />
            
            <Option name="OptionUI22" float="true" pos="59,288,0,0" width="45" height="39" textcolor="#FF000000" disabledtextcolor="#FFA7A6AA" font="0" align="center" hotimage="bk\command\toolbar_hover.png" />
            <Option name="OptionUI23" float="true" pos="108,288,0,0" width="45" height="39" textcolor="#FF000000" disabledtextcolor="#FFA7A6AA" font="0" align="center" hotimage="bk\command\toolbar_hover.png" />
            <Option name="OptionUI24" float="true" pos="156,288,0,0" width="45" height="39" textcolor="#FF000000" disabledtextcolor="#FFA7A6AA" font="0" align="center" hotimage="bk\command\toolbar_hover.png" />
            <Option name="OptionUI25" float="true" pos="205,288,0,0" width="45" height="39" textcolor="#FF000000" disabledtextcolor="#FFA7A6AA" font="0" align="center" hotimage="bk\command\toolbar_hover.png" />
            <Option name="OptionUI26" float="true" pos="253,288,0,0" width="45" height="39" textcolor="#FF000000" disabledtextcolor="#FFA7A6AA" font="0" align="center" hotimage="bk\command\toolbar_hover.png" />
            <Option name="OptionUI27" float="true" pos="301,288,0,0" width="45" height="39" textcolor="#FF000000" disabledtextcolor="#FFA7A6AA" font="0" align="center" hotimage="bk\command\toolbar_hover.png" />
            <Option name="OptionUI28" float="true" pos="349,288,0,0" width="45" height="39" textcolor="#FF000000" disabledtextcolor="#FFA7A6AA" font="0" align="center" hotimage="bk\command\toolbar_hover.png" />

            <Option name="OptionUI29" float="true" pos="59,332,0,0" width="45" height="39" textcolor="#FF000000" disabledtextcolor="#FFA7A6AA" font="0" align="center" hotimage="bk\command\toolbar_hover.png" />
            <Option name="OptionUI30" float="true" pos="108,332,0,0" width="45" height="39" textcolor="#FF000000" disabledtextcolor="#FFA7A6AA" font="0" align="center" hotimage="bk\command\toolbar_hover.png" />
            <Option name="OptionUI31" float="true" pos="156,332,0,0" width="45" height="39" textcolor="#FF000000" disabledtextcolor="#FFA7A6AA" font="0" align="center" hotimage="bk\command\toolbar_hover.png" />         
            <Option name="OptionUI32" float="true" pos="205,332,0,0" width="45" height="39" textcolor="#FF000000" disabledtextcolor="#FFA7A6AA" font="0" align="center" hotimage="bk\command\toolbar_hover.png" />
            <Option name="OptionUI33" float="true" pos="253,332,0,0" width="45" height="39" textcolor="#FF000000" disabledtextcolor="#FFA7A6AA" font="0" align="center" hotimage="bk\command\toolbar_hover.png" />
            <Option name="OptionUI34" float="true" pos="301,332,0,0" width="45" height="39" textcolor="#FF000000" disabledtextcolor="#FFA7A6AA" font="0" align="center" hotimage="bk\command\toolbar_hover.png" />
            <Option name="OptionUI35" float="true" pos="349,332,0,0" width="45" height="39" textcolor="#FF000000" disabledtextcolor="#FFA7A6AA" font="0" align="center" hotimage="bk\command\toolbar_hover.png" />
            
            <Option name="OptionUI36" float="true" pos="59,375,0,0" width="45" height="39" textcolor="#FF000000" disabledtextcolor="#FFA7A6AA" font="0" align="center" hotimage="bk\command\toolbar_hover.png" />
            <Option name="OptionUI37" float="true" pos="108,375,0,0" width="45" height="39" textcolor="#FF000000" disabledtextcolor="#FFA7A6AA" font="0" align="center" hotimage="bk\command\toolbar_hover.png" />
            <Option name="OptionUI38" float="true" pos="156,375,0,0" width="45" height="39" textcolor="#FF000000" disabledtextcolor="#FFA7A6AA" font="0" align="center" hotimage="bk\command\toolbar_hover.png" />
            <Option name="OptionUI39" float="true" pos="205,375,0,0" width="45" height="39" textcolor="#FF000000" disabledtextcolor="#FFA7A6AA" font="0" align="center" hotimage="bk\command\toolbar_hover.png" />
            <Option name="OptionUI40" float="true" pos="253,375,0,0" width="45" height="39" textcolor="#FF000000" disabledtextcolor="#FFA7A6AA" font="0" align="center" hotimage="bk\command\toolbar_hover.png" />
            <Option name="OptionUI41" float="true" pos="301,375,0,0" width="45" height="39" textcolor="#FF000000" disabledtextcolor="#FFA7A6AA" font="0" align="center" hotimage="bk\command\toolbar_hover.png" />
            <Option name="OptionUI42" float="true" pos="349,375,0,0" width="45" height="39" textcolor="#FF000000" disabledtextcolor="#FFA7A6AA" font="0" align="center" hotimage="bk\command\toolbar_hover.png" />
        </HorizontalLayout>
        <VerticalLayout width="339" height="456">
            <Button name="online_10" text="在线10分钟" float="true" pos="12,15,0,0" width="123" height="82" textpadding="0,40,0,2" textcolor="#FF386382" disabledtextcolor="#FFA7A6AA" font="1" align="centerbottom" normalimage="bk\command\toolbar_normal.png" hotimage="bk\command\toolbar_hover.png" pushedimage="bk\command\toolbar_pushed.png" group="quickbar" foreimage="file=&apos;skin\Award.png&apos; dest=&apos;0,0,140,60&apos;" />
            <Button name="online_60" text="在线60分钟" float="true" pos="144,15,0,0" width="123" height="82" textpadding="0,40,0,2" textcolor="#FF386382" disabledtextcolor="#FFA7A6AA" font="1" align="centerbottom" normalimage="bk\command\toolbar_normal.png" hotimage="bk\command\toolbar_hover.png" pushedimage="bk\command\toolbar_pushed.png" group="quickbar" foreimage="file=&apos;skin\Award.png&apos; dest=&apos;0,0,140,60&apos;" />
            <Button name="online_by" text="白银精英" float="true" pos="12,106,135,188" width="123" height="82" textpadding="0,40,0,2" textcolor="#FF386382" disabledtextcolor="#FFA7A6AA" font="1" align="centerbottom" normalimage="bk\command\toolbar_normal.png" hotimage="bk\command\toolbar_hover.png" pushedimage="bk\command\toolbar_pushed.png" group="quickbar" foreimage="file=&apos;skin\Award.png&apos; dest=&apos;0,0,140,60&apos;" />
            <Button name="online_hj" text="黄金精英" float="true" pos="144,106,267,188" width="123" height="82" textpadding="0,40,0,2" textcolor="#FF386382" disabledtextcolor="#FFA7A6AA" font="1" align="centerbottom" normalimage="bk\command\toolbar_normal.png" hotimage="bk\command\toolbar_hover.png" pushedimage="bk\command\toolbar_pushed.png" group="quickbar" foreimage="file=&apos;skin\Award.png&apos; dest=&apos;0,0,140,60&apos;" />
            <Button name="yaoyiyao" text="摇摇乐" float="true" pos="12, 200,135,282" width="123" height="82" textpadding="0,40,0,2" textcolor="#FF386382" disabledtextcolor="#FFA7A6AA" font="1" align="centerbottom" normalimage="bk\command\toolbar_normal.png" hotimage="bk\command\toolbar_hover.png" pushedimage="bk\command\toolbar_pushed.png" group="quickbar" foreimage="file=&apos;skin\yaoyiyao.png&apos; dest=&apos;0,0,140,60&apos;" />
        </VerticalLayout>
    </HorizontalLayout>
</Window>
