<?xml version="1.0" encoding="utf-8" standalone="yes" ?>
<Window size="344,158" sizebox="4,4,6,6" caption="0,0,0,35" mininfo="646,238" maxinfo="646,238" roundcorner="5,5">
    <Font name="宋体" size="13" bold="true" italic="false" />
    <Font name="宋体" size="12" bold="true" italic="false" />
    <Font name="宋体" size="12" bold="false" italic="false" />
    <Font name="宋体" size="14" bold="true" italic="false" />
    <Font name="宋体" size="22" bold="true" italic="true" />
    <Font name="SimSun" size="12" bold="false" italic="false" default="true" />
    <VerticalLayout bordersize="1" width="344" height="158" bkcolor="#FFD1E8F5" bkcolor2="#FFC6E0F1" bordercolor="#FF768D9B" inset="1,0,1,0">
        <HorizontalLayout width="651" height="32">
            <HorizontalLayout width="267" height="31">
                <Container width="22" height="22" bkimage="file=&apos;icon\icon.png&apos;" />
                <Text text="账户登录" float="true" pos="22,5,0,0" width="65" height="13" textpadding="2,0,2,0" textcolor="#FF447AA1" disabledtextcolor="#FFA7A6AA" font="0" align="wrap" />
            </HorizontalLayout>
            <HorizontalLayout width="76" height="30" inset="0,1,0,0">
                <Button name="minbtn" maxheight="17" maxwidth="26" textcolor="#FF000000" disabledtextcolor="#FFA7A6AA" align="center" normalimage="file=&apos;bk\command\sys_dlg_min.png&apos; source=&apos;52,0,78,17&apos;" hotimage="file=&apos;bk\command\sys_dlg_min.png&apos; source=&apos;26,0,52,17&apos;" pushedimage="file=&apos;bk\command\sys_dlg_min.png&apos; source=&apos;0,0,26,17&apos;" />
                <Button name="closebtn" maxheight="17" maxwidth="45" textcolor="#FF000000" disabledtextcolor="#FFA7A6AA" align="center" normalimage="file=&apos;bk\command\sys_dlg_close.png&apos; source=&apos;90,0,135,17&apos;" hotimage="file=&apos;bk\command\sys_dlg_close.png&apos; source=&apos;45,0,90,17&apos;" pushedimage="file=&apos;bk\command\sys_dlg_close.png&apos; source=&apos;0,0,45,17&apos;" />
            </HorizontalLayout>
        </HorizontalLayout>
        <HorizontalLayout width="338" height="139">
            <Container name="panel_show" width="340" height="125">
                <Label name="label_UserName" text="用户名:" float="true" pos="11,8,0,0" width="44" height="22" textcolor="#FF000000" disabledtextcolor="#FFA7A6AA" />
                <Label name="label_PassWord" text="安全码:" float="true" pos="11,42,0,0" width="44" height="22" textcolor="#FF000000" disabledtextcolor="#FFA7A6AA" />
                <Edit name="Edit_UserName" float="true" pos="66,8,0,0" width="175" height="25" bkcolor="#FFFFFFFF" textpadding="4,3,4,3" textcolor="#FF000000" disabledtextcolor="#FFA7A6AA" />
                <Edit name="Edit_PassWord" float="true" pos="66,42,0,0" width="175" height="25" bkcolor="#FFFFFFFF" textpadding="4,3,4,3" textcolor="#FF000000" disabledtextcolor="#FFA7A6AA" password="true" />
                <Button name="btn_Login" text="登录账户" float="true" pos="246,7,0,0" width="78" height="26" textcolor="#FF000000" disabledtextcolor="#FFA7A6AA" font="2" align="center" normalimage="bk\command\tabbar_normal.png" hotimage="bk\command\tabbar_hover.png" pushedimage="bk\command\tabbar_pushed.png" />
                <Button name="btn_getsecurecode" text="{u}{a}获取安全码{/a}{/u}" float="true" pos="246,44,0,0" width="78" height="23" textcolor="#FF000000" disabledtextcolor="#FFA7A6AA" showhtml="true" align="center" />
                <Option name="btn_IElogin" text="使用IE网页登录账户" float="true" pos="64,77,0,0" width="187" height="45" bkimage="bk\btn.png" textpadding="30,0,0,0" textcolor="#00FF00FF" disabledtextcolor="#FFA7A6AA" align="center" />
            </Container>
            <Option name="btn_Logout" text="注销登录" visible="false" float="true" pos="66,25,0,0" width="187" height="45" bkimage="bk\btn.png" textpadding="20,0,0,0" textcolor="#00FF0000" disabledtextcolor="#FFA7A6AA" align="center" />
        </HorizontalLayout>
    </VerticalLayout>
</Window>
