<?xml version="1.0" encoding="utf-8" standalone="yes" ?>
<Window size="364,493" caption="0,0,0,60">
<Default name="VScrollBar" value="button1normalimage=&quot;file=&apos;bk\command\scroll.png&apos; source=&apos;0,0,16,16&apos;&quot; button1hotimage=&quot;file=&apos;bk\command\scroll.png&apos; source=&apos;0,0,16,16&apos; mask=&apos;#FFFF00FF&apos;&quot; button1pushedimage=&quot;file=&apos;bk\command\scroll.png&apos; source=&apos;0,16,16,32&apos; mask=&apos;#FFFF00FF&apos;&quot; button1disabledimage=&quot;file=&apos;bk\command\scroll.png&apos; source=&apos;0,0,16,16&apos; mask=&apos;#FFFF00FF&apos;&quot; button2normalimage=&quot;file=&apos;bk\command\scroll.png&apos; source=&apos;0,32,16,48&apos; mask=&apos;#FFFF00FF&apos;&quot; button2hotimage=&quot;file=&apos;bk\command\scroll.png&apos; source=&apos;0,32,16,48&apos; mask=&apos;#FFFF00FF&apos;&quot; button2pushedimage=&quot;file=&apos;bk\command\scroll.png&apos; source=&apos;0,48,16,64&apos; mask=&apos;#FFFF00FF&apos;&quot; button2disabledimage=&quot;file=&apos;bk\command\scroll.png&apos; source=&apos;0,32,16,48&apos; mask=&apos;#FFFF00FF&apos;&quot; thumbnormalimage=&quot;file=&apos;bk\command\scroll.png&apos; source=&apos;0,64,16,80&apos; corner=&apos;2,2,2,2&apos; mask=&apos;#FFFF00FF&apos;&quot; thumbhotimage=&quot;file=&apos;bk\command\scroll.png&apos; source=&apos;0,64,16,80&apos; corner=&apos;2,2,2,2&apos; mask=&apos;#FFFF00FF&apos;&quot; thumbpushedimage=&quot;ffile=&apos;bk\command\scroll.png&apos; source=&apos;0,64,16,80&apos; corner=&apos;2,2,2,2&apos; mask=&apos;#FFFF00FF&apos;&quot; thumbdisabledimage=&quot;file=&apos;bk\command\scroll.png&apos; source=&apos;0,64,16,80&apos; corner=&apos;2,2,2,2&apos; mask=&apos;#FFFF00FF&apos;&quot; railnormalimage=&quot;file=&apos;bk\command\scroll.png&apos; source=&apos;0,80,16,96&apos; corner=&apos;2,2,2,2&apos; mask=&apos;#FFFF00FF&apos;&quot; railhotimage=&quot;file=&apos;bk\command\scroll.png&apos; source=&apos;0,80,16,96&apos; corner=&apos;2,2,2,2&apos; mask=&apos;#FFFF00FF&apos;&quot; railpushedimage=&quot;file=&apos;bk\command\scroll.png&apos; source=&apos;0,96,16,112&apos; corner=&apos;2,2,2,2&apos; mask=&apos;#FFFF00FF&apos;&quot; raildisabledimage=&quot;file=&apos;bk\command\scroll.png&apos; source=&apos;0,80,16,96&apos; corner=&apos;2,2,2,2&apos; mask=&apos;#FFFF00FF&apos;&quot; bknormalimage=&quot;file=&apos;bk\command\scroll.png&apos; source=&apos;0,128,16,146&apos; corner=&apos;2,2,2,2&apos; mask=&apos;#FFFF00FF&apos;&quot; bkhotimage=&quot;file=&apos;bk\command\scroll.png&apos; source=&apos;0,128,16,146&apos; corner=&apos;2,2,2,2&apos; mask=&apos;#FFFF00FF&apos;&quot; bkpushedimage=&quot;file=&apos;bk\command\scroll.png&apos; source=&apos;0,128,16,146&apos; corner=&apos;2,2,2,2&apos; mask=&apos;#FFFF00FF&apos;&quot; bkdisabledimage=&quot;file=&apos;bk\command\scroll.png&apos; source=&apos;0,128,16,146&apos; corner=&apos;2,2,2,2&apos; mask=&apos;#FFFF00FF&apos;&quot; " />
    <VerticalLayout width="364" height="504" bkimage="bk\bk.jpg" bkcolor="#FF00C0FF">
        <HorizontalLayout width="364" height="64">
            <Container width="30" height="33" bkimage="file=&apos;icon\icon.png&apos;" />
            <Button name="minbtn" float="true" pos="285,0,0,0" width="32" height="17" maxheight="17" maxwidth="26" textcolor="#FF000000" disabledtextcolor="#FFA7A6AA" align="center" normalimage="file=&apos;bk\command\sys_dlg_min.png&apos; source=&apos;52,0,78,17&apos;" hotimage="file=&apos;bk\command\sys_dlg_min.png&apos; source=&apos;26,0,52,17&apos;" pushedimage="file=&apos;bk\command\sys_dlg_min.png&apos; source=&apos;0,0,26,17&apos;" />
            <Button name="closebtn" float="true" pos="316,0,0,0" width="44" height="17" maxheight="17" maxwidth="45" textcolor="#FF000000" disabledtextcolor="#FFA7A6AA" align="center" normalimage="file=&apos;bk\command\sys_dlg_close.png&apos; source=&apos;90,0,135,17&apos;" hotimage="file=&apos;bk\command\sys_dlg_close.png&apos; source=&apos;45,0,90,17&apos;" pushedimage="file=&apos;bk\command\sys_dlg_close.png&apos; source=&apos;0,0,45,17&apos;" />
            <Text name="Text_Out" text="当前服务器:" float="true" pos="2,35,0,0" width="359" height="25" textpadding="2,5,2,0" textcolor="#00FF0000" disabledtextcolor="#FFA7A6AA" font="0" align="wrap" />
        </HorizontalLayout>
        <HorizontalLayout width="361" height="430">
             <List name="List_Player" bkimage="bk\listbk.jpg" width="362" height="426" bkcolor="#FFE7E7E7" menu="true" itemtextcolor="#FF000000" itemselectedtextcolor="#FF000000" itemselectedbkcolor="#FF00C0FF" itemhottextcolor="#FF000000" itemhotbkcolor="#FFE9F5FF" itemdisabledtextcolor="#FFCCCCCC" itemdisabledbkcolor="#FFFFFFFF" headerbkimage="file=&apos;bk\command\list_header_bg.png&apos;" itemshowhtml="true" vscrollbar="true">
                <ListHeader height="24" bkimage="file=&apos;bk\command\list_header_bg.png&apos;" menu="true">
                    <ListHeaderItem text="玩家名" width="150" minwidth="16" textcolor="#FF000000" sepwidth="1" align="center" sepimage="file=&apos;bk\command\list_header_sep.png&apos;" />
                    <ListHeaderItem text="分数" width="70" minwidth="16" textcolor="#FF000000" sepwidth="1" align="center" sepimage="file=&apos;bk\command\list_header_sep.png&apos;" />
                    <ListHeaderItem text="游玩时间" width="100" minwidth="16" textcolor="#FF000000" sepwidth="1" align="center" sepimage="file=&apos;bk\command\list_header_sep.png&apos;" />
                </ListHeader>
            </List>
        </HorizontalLayout>
    </VerticalLayout>
</Window>
