<?xml version="1.0" encoding="utf-8" standalone="yes" ?>
<Window size="798,523" caption="0,0,0,60">
    <Default name="VScrollBar" value="button1normalimage=&quot;file=&apos;bk\command\scroll.png&apos; source=&apos;0,0,16,16&apos;&quot; button1hotimage=&quot;file=&apos;bk\command\scroll.png&apos; source=&apos;0,0,16,16&apos; mask=&apos;#FFFF00FF&apos;&quot; button1pushedimage=&quot;file=&apos;bk\command\scroll.png&apos; source=&apos;0,16,16,32&apos; mask=&apos;#FFFF00FF&apos;&quot; button1disabledimage=&quot;file=&apos;bk\command\scroll.png&apos; source=&apos;0,0,16,16&apos; mask=&apos;#FFFF00FF&apos;&quot; button2normalimage=&quot;file=&apos;bk\command\scroll.png&apos; source=&apos;0,32,16,48&apos; mask=&apos;#FFFF00FF&apos;&quot; button2hotimage=&quot;file=&apos;bk\command\scroll.png&apos; source=&apos;0,32,16,48&apos; mask=&apos;#FFFF00FF&apos;&quot; button2pushedimage=&quot;file=&apos;bk\command\scroll.png&apos; source=&apos;0,48,16,64&apos; mask=&apos;#FFFF00FF&apos;&quot; button2disabledimage=&quot;file=&apos;bk\command\scroll.png&apos; source=&apos;0,32,16,48&apos; mask=&apos;#FFFF00FF&apos;&quot; thumbnormalimage=&quot;file=&apos;bk\command\scroll.png&apos; source=&apos;0,64,16,80&apos; corner=&apos;2,2,2,2&apos; mask=&apos;#FFFF00FF&apos;&quot; thumbhotimage=&quot;file=&apos;bk\command\scroll.png&apos; source=&apos;0,64,16,80&apos; corner=&apos;2,2,2,2&apos; mask=&apos;#FFFF00FF&apos;&quot; thumbpushedimage=&quot;ffile=&apos;bk\command\scroll.png&apos; source=&apos;0,64,16,80&apos; corner=&apos;2,2,2,2&apos; mask=&apos;#FFFF00FF&apos;&quot; thumbdisabledimage=&quot;file=&apos;bk\command\scroll.png&apos; source=&apos;0,64,16,80&apos; corner=&apos;2,2,2,2&apos; mask=&apos;#FFFF00FF&apos;&quot; railnormalimage=&quot;file=&apos;bk\command\scroll.png&apos; source=&apos;0,80,16,96&apos; corner=&apos;2,2,2,2&apos; mask=&apos;#FFFF00FF&apos;&quot; railhotimage=&quot;file=&apos;bk\command\scroll.png&apos; source=&apos;0,80,16,96&apos; corner=&apos;2,2,2,2&apos; mask=&apos;#FFFF00FF&apos;&quot; railpushedimage=&quot;file=&apos;bk\command\scroll.png&apos; source=&apos;0,96,16,112&apos; corner=&apos;2,2,2,2&apos; mask=&apos;#FFFF00FF&apos;&quot; raildisabledimage=&quot;file=&apos;bk\command\scroll.png&apos; source=&apos;0,80,16,96&apos; corner=&apos;2,2,2,2&apos; mask=&apos;#FFFF00FF&apos;&quot; bknormalimage=&quot;file=&apos;bk\command\scroll.png&apos; source=&apos;0,128,16,146&apos; corner=&apos;2,2,2,2&apos; mask=&apos;#FFFF00FF&apos;&quot; bkhotimage=&quot;file=&apos;bk\command\scroll.png&apos; source=&apos;0,128,16,146&apos; corner=&apos;2,2,2,2&apos; mask=&apos;#FFFF00FF&apos;&quot; bkpushedimage=&quot;file=&apos;bk\command\scroll.png&apos; source=&apos;0,128,16,146&apos; corner=&apos;2,2,2,2&apos; mask=&apos;#FFFF00FF&apos;&quot; bkdisabledimage=&quot;file=&apos;bk\command\scroll.png&apos; source=&apos;0,128,16,146&apos; corner=&apos;2,2,2,2&apos; mask=&apos;#FFFF00FF&apos;&quot; " />
    <VerticalLayout width="798" height="521" bkimage="bk\bk.jpg" bkcolor="#FF00C0FF">
        <HorizontalLayout width="793" height="42">
            <Container width="30" height="33" bkimage="file=&apos;icon\icon.png&apos;" />
            <Button name="minbtn" float="true" pos="716,1,0,0" width="32" height="17" maxheight="17" maxwidth="26" textcolor="#FF000000" disabledtextcolor="#FFA7A6AA" align="center" normalimage="file=&apos;bk\command\sys_dlg_min.png&apos; source=&apos;52,0,78,17&apos;" hotimage="file=&apos;bk\command\sys_dlg_min.png&apos; source=&apos;26,0,52,17&apos;" pushedimage="file=&apos;bk\command\sys_dlg_min.png&apos; source=&apos;0,0,26,17&apos;" />
            <Button name="closebtn" float="true" pos="747,1,0,0" width="44" height="17" maxheight="17" maxwidth="45" textcolor="#FF000000" disabledtextcolor="#FFA7A6AA" align="center" normalimage="file=&apos;bk\command\sys_dlg_close.png&apos; source=&apos;90,0,135,17&apos;" hotimage="file=&apos;bk\command\sys_dlg_close.png&apos; source=&apos;45,0,90,17&apos;" pushedimage="file=&apos;bk\command\sys_dlg_close.png&apos; source=&apos;0,0,45,17&apos;" />
            <Text name="Text_Out_" text="当前帖子:" float="true" pos="32,5,0,0" width="378" height="25" textpadding="2,5,2,0" textcolor="#00FF0000" disabledtextcolor="#FFA7A6AA" font="0" align="wrap" />
        </HorizontalLayout>
        <HorizontalLayout width="802" height="482">
            <List name="Table_LookBBS" Columns="1" inset="5,5,5,5" width="798" height="475" childpadding="10" itemsize="130,0" vscrollbar="true" />
        </HorizontalLayout>
    </VerticalLayout>
</Window>
