<?xml version="1.0" encoding="utf-8"?>
<Window>
  <Font id="0" name="微软雅黑" size="12" bold="false" default="true" />
  <Font id="1" name="微软雅黑" size="12" bold="true"/>
  <Default name="Menu" value="inset=&quot;2,2,2,2&quot; itemtextpadding=&quot;30,0,0,0&quot; bkimage=&quot;res='104' restype='png' corner='30,8,8,8'&quot; hole=&quot;false&quot;" />
  <Menu>
    <MenuElement text="刷新帖子"/>
    <MenuElement text="查看帖子"/>
    <MenuElement text="使用浏览器查看帖子"/>
    <MenuElement text="切换显示置顶帖子"/>
  </Menu>
</Window>