<?xml version="1.0" encoding="utf-8"?>
<Window>
  <Font id="0" name="微软雅黑" size="12" bold="false" default="true" />
  <Font id="1" name="微软雅黑" size="12" bold="true"/>
  <Default name="Menu" value="inset=&quot;2,2,2,2&quot; itemtextpadding=&quot;30,0,0,0&quot; bkimage=&quot;res='104' restype='png' corner='30,8,8,8'&quot; hole=&quot;false&quot;" />
  <Menu>
    <MenuElement name="Menu_Option" text="选项设置"/>
    <MenuElement name="Menu_Skin" text="更换皮肤">
      <MenuElement name="Menu_Skin_Default" text="默认"/>
      <MenuElement name="Menu_Skin_simple" text="简约"/>
      <MenuElement name="Menu_Skin_cartoon" text="卡通"/>
    </MenuElement>
  </Menu>
</Window>