<?xml version="1.0" encoding="utf-8"?>
<Window>
  <Font id="0" name="微软雅黑" size="12" bold="false" default="true" />
  <Font id="1" name="微软雅黑" size="12" bold="true"/>
  <Default name="Menu" value="inset=&quot;2,2,2,2&quot; itemtextpadding=&quot;30,0,0,0&quot; bkimage=&quot;res='104' restype='png' corner='30,8,8,8'&quot; hole=&quot;false&quot;" />
  <Menu>
    <MenuElement name="Menu_JoinServer" text="加入服务器"/>
    <MenuElement name="Menu_RefreshServer" text="刷新服务器"/>
    <MenuElement name="Menu_CopyServerIP" text="复制IP地址"/>
    <MenuElement name="Menu_CopyServerMap" text="复制地图名"/>
    <MenuElement name="Menu_ListPalyers" text="查看玩家"/>
    <MenuElement name="Menu_ShowPlayer" text="切换地图名显示方式"/>
  </Menu>
</Window>