<?xml version="1.0" encoding="utf-8" standalone="yes" ?>
<Window size="646,208" sizebox="4,4,6,6" caption="0,0,0,20" mininfo="646,238" maxinfo="646,238" roundcorner="5,5">
    <Font name="宋体" size="13" bold="true" italic="false" />
    <Font name="宋体" size="12" bold="true" italic="false" />
    <Font name="宋体" size="12" bold="false" italic="false" />
    <Font name="宋体" size="14" bold="true" italic="false" />
    <Font name="宋体" size="22" bold="true" italic="true" />
    <Font name="SimSun" size="12" bold="false" italic="false" default="true" />
    <VerticalLayout bordersize="1" width="660" height="572" bkcolor="#FFD1E8F5" bkcolor2="#FFC6E0F1" bordercolor="#FF768D9B" inset="1,0,1,0">
        <HorizontalLayout width="651" height="26">
            <HorizontalLayout width="569" height="25">
                <Container width="22" height="22" bkimage="file=&apos;icon\icon.png&apos;" />
                <Text text="选项设置" float="true" pos="22,5,0,0" width="141" height="19" textpadding="2,0,2,0" textcolor="#FF447AA1" disabledtextcolor="#FFA7A6AA" font="0" align="wrap" />
            </HorizontalLayout>
            <HorizontalLayout width="76" height="24" inset="0,1,0,0">
                <Button name="minbtn" maxheight="17" maxwidth="26" textcolor="#FF000000" disabledtextcolor="#FFA7A6AA" align="center" normalimage="file=&apos;bk\command\sys_dlg_min.png&apos; source=&apos;52,0,78,17&apos;" hotimage="file=&apos;bk\command\sys_dlg_min.png&apos; source=&apos;26,0,52,17&apos;" pushedimage="file=&apos;bk\command\sys_dlg_min.png&apos; source=&apos;0,0,26,17&apos;" />
                <Button name="closebtn" maxheight="17" maxwidth="45" textcolor="#FF000000" disabledtextcolor="#FFA7A6AA" align="center" normalimage="file=&apos;bk\command\sys_dlg_close.png&apos; source=&apos;90,0,135,17&apos;" hotimage="file=&apos;bk\command\sys_dlg_close.png&apos; source=&apos;45,0,90,17&apos;" pushedimage="file=&apos;bk\command\sys_dlg_close.png&apos; source=&apos;0,0,45,17&apos;" />
            </HorizontalLayout>
        </HorizontalLayout>
        <HorizontalLayout width="649" height="33">
            <Label text="CSGO目录" float="true" pos="1,5,0,0" width="60" height="22" textpadding="0,5,0,0" textcolor="#FF000000" disabledtextcolor="#FFA7A6AA" align="center" />
            <Edit name="edit_csgo" float="true" pos="62,4,0,0" width="506" height="25" bkcolor="#FFFFFFFF" textpadding="4,3,4,3" textcolor="#FF000000" disabledtextcolor="#FFA7A6AA" />
            <Button name="btn_getcsgopath" text="获取目录" float="true" pos="571,4,0,0" width="68" height="26" textcolor="#FF386382" disabledtextcolor="#FFA7A6AA" font="2" align="center" normalimage="bk\command\button_sj_normal.png" hotimage="bk\command\button_sj_hover.png" pushedimage="bk\command\button_sj_pushed.png" />
        </HorizontalLayout>
        <HorizontalLayout width="798" height="3">
            <Control width="798" height="3" bkcolor="#FF0080FF" />
        </HorizontalLayout>
        <HorizontalLayout width="649" height="33">
            <Label text="Steam目录" float="true" pos="1,5,0,0" width="60" height="22" textpadding="0,5,0,0" textcolor="#FF000000" disabledtextcolor="#FFA7A6AA" align="center" />
            <Edit name="edit_steam" float="true" pos="62,4,0,0" width="506" height="25" bkcolor="#FFFFFFFF" textpadding="4,3,4,3" textcolor="#FF000000" disabledtextcolor="#FFA7A6AA" />
            <Button name="btn_getsteampath" text="获取目录" float="true" pos="571,4,0,0" width="68" height="26" textcolor="#FF386382" disabledtextcolor="#FFA7A6AA" font="2" align="center" normalimage="bk\command\button_sj_normal.png" hotimage="bk\command\button_sj_hover.png" pushedimage="bk\command\button_sj_pushed.png" />
        </HorizontalLayout>
        <HorizontalLayout width="798" height="3">
            <Control width="798" height="3" bkcolor="#FF0080FF" />
        </HorizontalLayout>
        <HorizontalLayout width="649" height="33">
            <Label text="背景图片" float="true" pos="1,5,0,0" width="60" height="22" textpadding="0,5,0,0" textcolor="#FF000000" disabledtextcolor="#FFA7A6AA" align="center" />
            <Edit name="edit_bkimge" float="true" pos="62,4,0,0" width="506" height="25" bkcolor="#FFFFFFFF" textpadding="4,3,4,3" textcolor="#FF000000" disabledtextcolor="#FFA7A6AA" />
            <Button name="btn_bkimge_path" text="获取目录" float="true" pos="571,4,0,0" width="68" height="26" textcolor="#FF386382" disabledtextcolor="#FFA7A6AA" font="2" align="center" normalimage="bk\command\button_sj_normal.png" hotimage="bk\command\button_sj_hover.png" pushedimage="bk\command\button_sj_pushed.png" />
        </HorizontalLayout>
        <HorizontalLayout width="649" height="33">
            <Label text="服务器列表图片" float="true" pos="1,5,0,0" width="60" height="22" textpadding="0,5,0,0" textcolor="#FF000000" disabledtextcolor="#FFA7A6AA" align="center" />
            <Edit name="edit_listbkimge" float="true" pos="62,4,0,0" width="506" height="25" bkcolor="#FFFFFFFF" textpadding="4,3,4,3" textcolor="#FF000000" disabledtextcolor="#FFA7A6AA" />
            <Button name="btn__listbkimge_path" text="获取目录" float="true" pos="571,4,0,0" width="68" height="26" textcolor="#FF386382" disabledtextcolor="#FFA7A6AA" font="2" align="center" normalimage="bk\command\button_sj_normal.png" hotimage="bk\command\button_sj_hover.png" pushedimage="bk\command\button_sj_pushed.png" />
        </HorizontalLayout>
        <HorizontalLayout width="798" height="3">
            <Control width="798" height="3" bkcolor="#FF0080FF" />
        </HorizontalLayout>
        <HorizontalLayout width="649" height="33">
            <Option name="Option_HotMap" text="预热下载" float="true" pos="6,3,0,0" width="112" height="26" textpadding="0,6,10,0" textcolor="#00FF0000" disabledtextcolor="#FFA7A6AA" font="1" align="right" normalimage="file=&apos;bk\Option.png&apos; dest=&apos;0,0,50,100&apos; source=&apos;0,0,70,100&apos;" hotimage="file=&apos;bk\Option.png&apos; dest=&apos;0,0,50,100&apos; source=&apos;0,0,70,100&apos;" pushedimage="file=&apos;bk\Option.png&apos; dest=&apos;0,0,50,100&apos; source=&apos;0,0,70,100&apos;" focusedimage="file=&apos;bk\Option.png&apos; dest=&apos;0,0,50,100&apos; source=&apos;0,0,70,100&apos;" selectedimage="file=&apos;bk\Option.png&apos; dest=&apos;0,0,50,100&apos; source=&apos;70,0,150,100&apos;" />
        </HorizontalLayout>
        <HorizontalLayout width="798" height="3">
            <Control width="798" height="3" bkcolor="#FF0080FF" />
        </HorizontalLayout>
    </VerticalLayout>
</Window>
