<?xml version="1.0" encoding="utf-8" standalone="yes" ?>
<Window size="798,492" sizebox="4,4,4,4" caption="0,0,0,30" mininfo="798,492" roundcorner="5,5" showdirty="true">
    <Font name="宋体" size="13" bold="false" italic="false" />
    <Font name="宋体" size="12" bold="false" italic="false" />
    <Default name="VScrollBar" value="button1normalimage=&quot;file=&apos;bk\command\scroll.png&apos; source=&apos;0,0,16,16&apos;&quot; &#x0D;&#x0A;button1hotimage=&quot;file=&apos;bk\command\scroll.png&apos; source=&apos;0,0,16,16&apos;&quot; &#x0D;&#x0A;button1pushedimage=&quot;file=&apos;bk\command\scroll.png&apos; source=&apos;0,16,16,32&apos;&quot; &#x0D;&#x0A;button1disabledimage=&quot;file=&apos;bk\command\scroll.png&apos; source=&apos;0,0,16,16&apos;&quot; &#x0D;&#x0A;button2normalimage=&quot;file=&apos;bk\command\scroll.png&apos; source=&apos;0,32,16,48&apos;&quot; &#x0D;&#x0A;button2hotimage=&quot;file=&apos;bk\command\scroll.png&apos; source=&apos;0,32,16,48&apos;&quot; &#x0D;&#x0A;button2pushedimage=&quot;file=&apos;bk\command\scroll.png&apos; source=&apos;0,48,16,64&apos;&quot; &#x0D;&#x0A;button2disabledimage=&quot;file=&apos;bk\command\scroll.png&apos; source=&apos;0,32,16,48&apos;&quot; &#x0D;&#x0A;thumbnormalimage=&quot;file=&apos;bk\command\scroll.png&apos; source=&apos;0,64,16,80&apos; corner=&apos;2,2,2,2&apos;&quot; &#x0D;&#x0A;thumbhotimage=&quot;file=&apos;bk\command\scroll.png&apos; source=&apos;0,64,16,80&apos; corner=&apos;2,2,2,2&apos;&quot; &#x0D;&#x0A;thumbpushedimage=&quot;ffile=&apos;bk\command\scroll.png&apos; source=&apos;0,64,16,80&apos; corner=&apos;2,2,2,2&apos;&quot; &#x0D;&#x0A;thumbdisabledimage=&quot;file=&apos;bk\command\scroll.png&apos; source=&apos;0,64,16,80&apos; corner=&apos;2,2,2,2&apos;&quot; &#x0D;&#x0A;railnormalimage=&quot;file=&apos;bk\command\scroll.png&apos; source=&apos;0,80,16,96&apos; corner=&apos;2,2,2,2&apos;&quot; &#x0D;&#x0A;railhotimage=&quot;file=&apos;bk\command\scroll.png&apos; source=&apos;0,80,16,96&apos; corner=&apos;2,2,2,2&apos;&quot; &#x0D;&#x0A;railpushedimage=&quot;file=&apos;bk\command\scroll.png&apos; source=&apos;0,96,16,112&apos; corner=&apos;2,2,2,2&apos;&quot; &#x0D;&#x0A;raildisabledimage=&quot;file=&apos;bk\command\scroll.png&apos; source=&apos;0,80,16,96&apos; corner=&apos;2,2,2,2&apos;&quot; &#x0D;&#x0A;bknormalimage=&quot;file=&apos;bk\command\scroll.png&apos; source=&apos;0,128,16,146&apos; corner=&apos;2,2,2,2&apos;&quot; &#x0D;&#x0A;bkhotimage=&quot;file=&apos;bk\command\scroll.png&apos; source=&apos;0,128,16,146&apos; corner=&apos;2,2,2,2&apos;&quot; &#x0D;&#x0A;bkpushedimage=&quot;file=&apos;bk\command\scroll.png&apos; source=&apos;0,128,16,146&apos; corner=&apos;2,2,2,2&apos;&quot; &#x0D;&#x0A;bkdisabledimage=&quot;file=&apos;bk\command\scroll.png&apos; source=&apos;0,128,16,146&apos; corner=&apos;2,2,2,2&apos;&quot; " />
    <VerticalLayout width="798" height="492">
        <HorizontalLayout width="766" height="220">
            <Container name="panel_Skin1" width="128" height="224" visible="false">
                <Option name="Label_Skin1" float="true" pos="9,7,0,0" width="109" height="147" bkimage="file=&apos;skin\nopic.jpg&apos; mask=&apos;0xfffffbf0&apos;" textcolor="#FF000000" disabledtextcolor="#FFA7A6AA" />
                <Text name="Text_SkinName1" text="{c #386382}none...................................{/c}" float="true" pos="9,155,0,0" width="109" height="32" textpadding="2,0,2,0" textcolor="#FF000000" disabledtextcolor="#FFA7A6AA" showhtml="true" align="wrap" />
                <Text name="Text_SkinMoney1" text="{c #386382}当前价: 66666{/c}" float="true" pos="9,186,0,0" width="109" height="12" textpadding="2,0,2,0" textcolor="#FF000000" disabledtextcolor="#FFA7A6AA" showhtml="true" align="wrap" />
                <Text name="Text_SkinVip1" text="{c #386382}当前价: 66666{/c}" float="true" pos="9,201,0,0" width="109" height="13" textpadding="2,0,2,0" textcolor="#FF000000" disabledtextcolor="#FFA7A6AA" showhtml="true" align="wrap" />
            </Container>
            <Container name="panel_Skin2" width="128" height="224" visible="false">
                <Option name="Label_Skin2" float="true" pos="9,7,0,0" width="109" height="147" bkimage="file=&apos;skin\nopic.jpg&apos; mask=&apos;0xfffffbf0&apos;" textcolor="#FF000000" disabledtextcolor="#FFA7A6AA" />
                <Text name="Text_SkinName2" text="{c #386382}none...................................{/c}" float="true" pos="9,155,0,0" width="109" height="32" textpadding="2,0,2,0" textcolor="#FF000000" disabledtextcolor="#FFA7A6AA" showhtml="true" align="wrap" />
                <Text name="Text_SkinMoney2" text="{c #386382}当前价: 66666{/c}" float="true" pos="9,186,0,0" width="109" height="12" textpadding="2,0,2,0" textcolor="#FF000000" disabledtextcolor="#FFA7A6AA" showhtml="true" align="wrap" />
                <Text name="Text_SkinVip2" text="{c #386382}当前价: 66666{/c}" float="true" pos="9,201,0,0" width="109" height="13" textpadding="2,0,2,0" textcolor="#FF000000" disabledtextcolor="#FFA7A6AA" showhtml="true" align="wrap" />
            </Container>
            <Container name="panel_Skin3" width="128" height="224" visible="false">
                <Option name="Label_Skin3" float="true" pos="9,7,0,0" width="109" height="147" bkimage="file=&apos;skin\nopic.jpg&apos; mask=&apos;0xfffffbf0&apos;" textcolor="#FF000000" disabledtextcolor="#FFA7A6AA" />
                <Text name="Text_SkinName3" text="{c #386382}none...................................{/c}" float="true" pos="9,155,0,0" width="109" height="32" textpadding="2,0,2,0" textcolor="#FF000000" disabledtextcolor="#FFA7A6AA" showhtml="true" align="wrap" />
                <Text name="Text_SkinMoney3" text="{c #386382}当前价: 66666{/c}" float="true" pos="9,186,0,0" width="109" height="12" textpadding="2,0,2,0" textcolor="#FF000000" disabledtextcolor="#FFA7A6AA" showhtml="true" align="wrap" />
                <Text name="Text_SkinVip3" text="{c #386382}当前价: 66666{/c}" float="true" pos="9,201,0,0" width="109" height="13" textpadding="2,0,2,0" textcolor="#FF000000" disabledtextcolor="#FFA7A6AA" showhtml="true" align="wrap" />
            </Container>
            <Container name="panel_Skin4" width="128" height="224" visible="false">
                <Option name="Label_Skin4" float="true" pos="9,7,0,0" width="109" height="147" bkimage="file=&apos;skin\nopic.jpg&apos; mask=&apos;0xfffffbf0&apos;" textcolor="#FF000000" disabledtextcolor="#FFA7A6AA" />
                <Text name="Text_SkinName4" text="{c #386382}none...................................{/c}" float="true" pos="9,155,0,0" width="109" height="32" textpadding="2,0,2,0" textcolor="#FF000000" disabledtextcolor="#FFA7A6AA" showhtml="true" align="wrap" />
                <Text name="Text_SkinMoney4" text="{c #386382}当前价: 66666{/c}" float="true" pos="9,186,0,0" width="109" height="12" textpadding="2,0,2,0" textcolor="#FF000000" disabledtextcolor="#FFA7A6AA" showhtml="true" align="wrap" />
                <Text name="Text_SkinVip4" text="{c #386382}当前价: 66666{/c}" float="true" pos="9,201,0,0" width="109" height="13" textpadding="2,0,2,0" textcolor="#FF000000" disabledtextcolor="#FFA7A6AA" showhtml="true" align="wrap" />
            </Container>
            <Container name="panel_Skin5" width="128" height="224" visible="false">
                <Option name="Label_Skin5" float="true" pos="9,7,0,0" width="109" height="147" bkimage="file=&apos;skin\nopic.jpg&apos; mask=&apos;0xfffffbf0&apos;" textcolor="#FF000000" disabledtextcolor="#FFA7A6AA" />
                <Text name="Text_SkinName5" text="{c #386382}none...................................{/c}" float="true" pos="9,155,0,0" width="109" height="32" textpadding="2,0,2,0" textcolor="#FF000000" disabledtextcolor="#FFA7A6AA" showhtml="true" align="wrap" />
                <Text name="Text_SkinMoney5" text="{c #386382}当前价: 66666{/c}" float="true" pos="9,186,0,0" width="109" height="12" textpadding="2,0,2,0" textcolor="#FF000000" disabledtextcolor="#FFA7A6AA" showhtml="true" align="wrap" />
                <Text name="Text_SkinVip5" text="{c #386382}当前价: 66666{/c}" float="true" pos="9,201,0,0" width="109" height="13" textpadding="2,0,2,0" textcolor="#FF000000" disabledtextcolor="#FFA7A6AA" showhtml="true" align="wrap" />
            </Container>
            <Container name="panel_Skin6" width="128" height="224" visible="false">
                <Option name="Label_Skin6" float="true" pos="9,7,0,0" width="109" height="147" bkimage="file=&apos;skin\nopic.jpg&apos; mask=&apos;0xfffffbf0&apos;" textcolor="#FF000000" disabledtextcolor="#FFA7A6AA" />
                <Text name="Text_SkinName6" text="{c #386382}none...................................{/c}" float="true" pos="9,155,0,0" width="109" height="32" textpadding="2,0,2,0" textcolor="#FF000000" disabledtextcolor="#FFA7A6AA" showhtml="true" align="wrap" />
                <Text name="Text_SkinMoney6" text="{c #386382}当前价: 66666{/c}" float="true" pos="9,186,0,0" width="109" height="12" textpadding="2,0,2,0" textcolor="#FF000000" disabledtextcolor="#FFA7A6AA" showhtml="true" align="wrap" />
                <Text name="Text_SkinVip6" text="{c #386382}当前价: 66666{/c}" float="true" pos="9,201,0,0" width="109" height="13" textpadding="2,0,2,0" textcolor="#FF000000" disabledtextcolor="#FFA7A6AA" showhtml="true" align="wrap" />
            </Container>
        </HorizontalLayout>
        <HorizontalLayout width="767" height="225" >
            <Container name="panel_Skin7" width="128" height="224" visible="false">
                <Option name="Label_Skin7" float="true" pos="9,7,0,0" width="109" height="147" bkimage="file=&apos;skin\nopic.jpg&apos; mask=&apos;0xfffffbf0&apos;" textcolor="#FF000000" disabledtextcolor="#FFA7A6AA" />
                <Text name="Text_SkinName7" text="{c #386382}none...................................{/c}" float="true" pos="9,155,0,0" width="109" height="32" textpadding="2,0,2,0" textcolor="#FF000000" disabledtextcolor="#FFA7A6AA" showhtml="true" align="wrap" />
                <Text name="Text_SkinMoney7" text="{c #386382}当前价: 66666{/c}" float="true" pos="9,186,0,0" width="109" height="12" textpadding="2,0,2,0" textcolor="#FF000000" disabledtextcolor="#FFA7A6AA" showhtml="true" align="wrap" />
                <Text name="Text_SkinVip7" text="{c #386382}当前价: 66666{/c}" float="true" pos="9,201,0,0" width="109" height="13" textpadding="2,0,2,0" textcolor="#FF000000" disabledtextcolor="#FFA7A6AA" showhtml="true" align="wrap" />
            </Container>
            <Container name="panel_Skin8" width="128" height="224" visible="false">
                <Option name="Label_Skin8" float="true" pos="9,7,0,0" width="109" height="147" bkimage="file=&apos;skin\nopic.jpg&apos; mask=&apos;0xfffffbf0&apos;" textcolor="#FF000000" disabledtextcolor="#FFA7A6AA" />
                <Text name="Text_SkinName8" text="{c #386382}none...................................{/c}" float="true" pos="9,155,0,0" width="109" height="32" textpadding="2,0,2,0" textcolor="#FF000000" disabledtextcolor="#FFA7A6AA" showhtml="true" align="wrap" />
                <Text name="Text_SkinMoney8" text="{c #386382}当前价: 66666{/c}" float="true" pos="9,186,0,0" width="109" height="12" textpadding="2,0,2,0" textcolor="#FF000000" disabledtextcolor="#FFA7A6AA" showhtml="true" align="wrap" />
                <Text name="Text_SkinVip8" text="{c #386382}当前价: 66666{/c}" float="true" pos="9,201,0,0" width="109" height="13" textpadding="2,0,2,0" textcolor="#FF000000" disabledtextcolor="#FFA7A6AA" showhtml="true" align="wrap" />
            </Container>
            <Container name="panel_Skin9" width="128" height="224" visible="false">
                <Option name="Label_Skin9" float="true" pos="9,7,0,0" width="109" height="147" bkimage="file=&apos;skin\nopic.jpg&apos; mask=&apos;0xfffffbf0&apos;" textcolor="#FF000000" disabledtextcolor="#FFA7A6AA" />
                <Text name="Text_SkinName9" text="{c #386382}none...................................{/c}" float="true" pos="9,155,0,0" width="109" height="32" textpadding="2,0,2,0" textcolor="#FF000000" disabledtextcolor="#FFA7A6AA" showhtml="true" align="wrap" />
                <Text name="Text_SkinMoney9" text="{c #386382}当前价: 66666{/c}" float="true" pos="9,186,0,0" width="109" height="12" textpadding="2,0,2,0" textcolor="#FF000000" disabledtextcolor="#FFA7A6AA" showhtml="true" align="wrap" />
                <Text name="Text_SkinVip9" text="{c #386382}当前价: 66666{/c}" float="true" pos="9,201,0,0" width="109" height="13" textpadding="2,0,2,0" textcolor="#FF000000" disabledtextcolor="#FFA7A6AA" showhtml="true" align="wrap" />
            </Container>
            <Container name="panel_Skin10" width="128" height="224" visible="false">
                <Option name="Label_Skin10" float="true" pos="9,7,0,0" width="109" height="147" bkimage="file=&apos;skin\nopic.jpg&apos; mask=&apos;0xfffffbf0&apos;" textcolor="#FF000000" disabledtextcolor="#FFA7A6AA" />
                <Text name="Text_SkinName10" text="{c #386382}none...................................{/c}" float="true" pos="9,155,0,0" width="109" height="32" textpadding="2,0,2,0" textcolor="#FF000000" disabledtextcolor="#FFA7A6AA" showhtml="true" align="wrap" />
                <Text name="Text_SkinMoney10" text="{c #386382}当前价: 66666{/c}" float="true" pos="9,186,0,0" width="109" height="12" textpadding="2,0,2,0" textcolor="#FF000000" disabledtextcolor="#FFA7A6AA" showhtml="true" align="wrap" />
                <Text name="Text_SkinVip10" text="{c #386382}当前价: 66666{/c}" float="true" pos="9,201,0,0" width="109" height="13" textpadding="2,0,2,0" textcolor="#FF000000" disabledtextcolor="#FFA7A6AA" showhtml="true" align="wrap" />
            </Container>
            <Container name="panel_Skin11" width="128" height="224" visible="false">
                <Option name="Label_Skin11" float="true" pos="9,7,0,0" width="109" height="147" bkimage="file=&apos;skin\nopic.jpg&apos; mask=&apos;0xfffffbf0&apos;" textcolor="#FF000000" disabledtextcolor="#FFA7A6AA" />
                <Text name="Text_SkinName11" text="{c #386382}none...................................{/c}" float="true" pos="9,155,0,0" width="109" height="32" textpadding="2,0,2,0" textcolor="#FF000000" disabledtextcolor="#FFA7A6AA" showhtml="true" align="wrap" />
                <Text name="Text_SkinMoney11" text="{c #386382}当前价: 66666{/c}" float="true" pos="9,186,0,0" width="109" height="12" textpadding="2,0,2,0" textcolor="#FF000000" disabledtextcolor="#FFA7A6AA" showhtml="true" align="wrap" />
                <Text name="Text_SkinVip11" text="{c #386382}当前价: 66666{/c}" float="true" pos="9,201,0,0" width="109" height="13" textpadding="2,0,2,0" textcolor="#FF000000" disabledtextcolor="#FFA7A6AA" showhtml="true" align="wrap" />
            </Container>
            <Container name="panel_Skin12" width="128" height="224" visible="false">
                <Option name="Label_Skin12" float="true" pos="9,7,0,0" width="109" height="147" bkimage="file=&apos;skin\nopic.jpg&apos; mask=&apos;0xfffffbf0&apos;" textcolor="#FF000000" disabledtextcolor="#FFA7A6AA" />
                <Text name="Text_SkinName12" text="{c #386382}none...................................{/c}" float="true" pos="9,155,0,0" width="109" height="32" textpadding="2,0,2,0" textcolor="#FF000000" disabledtextcolor="#FFA7A6AA" showhtml="true" align="wrap" />
                <Text name="Text_SkinMoney12" text="{c #386382}当前价: 66666{/c}" float="true" pos="9,186,0,0" width="109" height="12" textpadding="2,0,2,0" textcolor="#FF000000" disabledtextcolor="#FFA7A6AA" showhtml="true" align="wrap" />
                <Text name="Text_SkinVip12" text="{c #386382}当前价: 66666{/c}" float="true" pos="9,201,0,0" width="109" height="13" textpadding="2,0,2,0" textcolor="#FF000000" disabledtextcolor="#FFA7A6AA" showhtml="true" align="wrap" />
            </Container>
        </HorizontalLayout>
        <HorizontalLayout width="768" height="50">
            <Container name="page_panel" width="767" height="35" visible="false">
                <Button name="page_up" float="true" pos="636,1,0,0" width="30" height="20" textpadding="0,40,0,2" textcolor="#FF386382" disabledtextcolor="#FFA7A6AA" font="1" align="centerbottom" normalimage="bk\command\toolbar_normal.png" hotimage="bk\command\toolbar_hover.png" pushedimage="bk\command\toolbar_pushed.png" group="quickbar" foreimage="skin\bk\up.png" />
                <Text name="page_text" float="true" pos="667,1,0,0" width="61" height="20" textpadding="2,5,2,0" align="centerwrap" />
                <Button name="page_next" float="true" pos="729,1,0,0" width="30" height="20" textpadding="0,40,0,2" textcolor="#FF386382" disabledtextcolor="#FFA7A6AA" font="1" align="centerbottom" normalimage="bk\command\toolbar_normal.png" hotimage="bk\command\toolbar_hover.png" pushedimage="bk\command\toolbar_pushed.png" group="quickbar" foreimage="skin\bk\Next.png" />
                <Button name="Button_jump" visible="false" text="跳转" float="true" pos="592,2,0,0" width="43" height="17" textcolor="#FF386382" disabledtextcolor="#FFA7A6AA" font="2" align="center" normalimage="bk\command\tabbar_normal.png" hotimage="bk\command\tabbar_hover.png" pushedimage="bk\command\tabbar_pushed.png" />
                <Edit name="Edit_page" visible="false" float="true" pos="513,2,0,0" width="79" height="18" bkcolor="#FFFFFFFF" textpadding="4,3,4,3" textcolor="#FF000000" disabledtextcolor="#FFA7A6AA" />
            </Container>
        </HorizontalLayout>
    </VerticalLayout>
</Window>
