<?xml version="1.0" encoding="utf-8" standalone="yes" ?>
<Window size="800,631" sizebox="4,4,6,6" caption="0,0,0,90" mininfo="800,631" maxinfo="800,631" roundcorner="5,5">
    <Font name="宋体" size="13" bold="true" italic="false" />
    <Font name="宋体" size="12" bold="true" italic="false" />
    <Font name="宋体" size="12" bold="false" italic="false" />
    <Font name="宋体" size="14" bold="true" italic="false" />
    <Font name="宋体" size="22" bold="true" italic="true" />
    <Font name="SimSun" size="12" bold="false" italic="false" default="true" />
    <VerticalLayout name="img_bkimage" bordersize="1" width="800" height="632" bkimage="bk\bk.jpg" bkcolor="#FFD1E8F5" bkcolor2="#FFC6E0F1" bordercolor="#FF768D9B" inset="1,0,1,0">
        <HorizontalLayout height="24">
            <HorizontalLayout>
                <Container width="22" height="22" bkimage="file=&apos;icon\icon.png&apos;" />
                <Text text="CSGO僵尸逃跑社区服" float="true" pos="22,5,0,0" width="141" height="19" textpadding="2,0,2,0" textcolor="#FF447AA1" disabledtextcolor="#FFA7A6AA" font="0" align="wrap" />
                <Option name="Server_Switch" float="true" pos="511,0,0,0" width="100" height="23" textcolor="#FF000000" disabledtextcolor="#FFA7A6AA" align="center" normalimage="bk\Server_Switch.png" selectedimage="bk\Server_Switch2.png" />
                <Button name="Button_Login" text="{u}{a}未登录{/a}{/u}" float="true" pos="409,2,0,0" width="102" height="20" textcolor="#FF000000" disabledtextcolor="#FFA7A6AA" showhtml="true" align="right" />
            </HorizontalLayout>
            <HorizontalLayout width="188" inset="0,1,0,0">
                <Button name="BUGbtn" text="{u}{a}BUG反馈{/a}{/u}" width="51" height="23" textcolor="#FF000000" disabledtextcolor="#FFA7A6AA" showhtml="true" align="center" />
                <Button name="BBSbtn" text="{u}{a}论坛{/a}{/u}" textcolor="#FF000000" disabledtextcolor="#FFA7A6AA" showhtml="true" align="center" />
                <Button name="menubtn" maxheight="17" maxwidth="26" textcolor="#FF000000" disabledtextcolor="#FFA7A6AA" align="center" normalimage="file=&apos;bk\command\sys_dlg_menu.png&apos; source=&apos;52,0,78,17&apos;" hotimage="file=&apos;bk\command\sys_dlg_menu.png&apos; source=&apos;26,0,52,17&apos;" pushedimage="file=&apos;bk\command\sys_dlg_menu.png&apos; source=&apos;0,0,26,17&apos;" />
                <Button name="minbtn" maxheight="17" maxwidth="26" textcolor="#FF000000" disabledtextcolor="#FFA7A6AA" align="center" normalimage="file=&apos;bk\command\sys_dlg_min.png&apos; source=&apos;52,0,78,17&apos;" hotimage="file=&apos;bk\command\sys_dlg_min.png&apos; source=&apos;26,0,52,17&apos;" pushedimage="file=&apos;bk\command\sys_dlg_min.png&apos; source=&apos;0,0,26,17&apos;" />
                <Button name="closebtn" maxheight="17" maxwidth="45" textcolor="#FF000000" disabledtextcolor="#FFA7A6AA" align="center" normalimage="file=&apos;bk\command\sys_dlg_close.png&apos; source=&apos;90,0,135,17&apos;" hotimage="file=&apos;bk\command\sys_dlg_close.png&apos; source=&apos;45,0,90,17&apos;" pushedimage="file=&apos;bk\command\sys_dlg_close.png&apos; source=&apos;0,0,45,17&apos;" />
            </HorizontalLayout>
        </HorizontalLayout>
        <HorizontalLayout height="67">
            <HorizontalLayout width="561" height="67" inset="8,5,0,0">
                <Option name="Title_Server" text="服务器" float="true" pos="10,3,0,0" width="65" height="62" textpadding="0,40,0,2" textcolor="#FF386382" disabledtextcolor="#FFA7A6AA" font="1" align="centerbottom" normalimage="bk\command\toolbar_normal.png" hotimage="bk\command\toolbar_hover.png" pushedimage="bk\command\toolbar_pushed.png" group="quickbar" selected="true" foreimage="file=&apos;icon\Title\server.png&apos; dest=&apos;10,5,50,45&apos;" selectedimage="bk\command\toolbar_pushed.png" />
                <Option name="Title_award" text="礼包/签到" float="true" pos="85,3,0,0" width="65" height="62" textpadding="0,40,0,2" textcolor="#FF386382" disabledtextcolor="#FFA7A6AA" font="1" align="centerbottom" normalimage="bk\command\toolbar_normal.png" hotimage="bk\command\toolbar_hover.png" pushedimage="bk\command\toolbar_pushed.png" group="quickbar" foreimage="file=&apos;icon\Title\award.png&apos; dest=&apos;10,5,50,45&apos;" selectedimage="bk\command\toolbar_pushed.png" />
                <Option name="Title_Tools" text="工具箱" float="true" pos="160,3,0,0" width="65" height="62" textpadding="0,40,0,2" textcolor="#FF386382" disabledtextcolor="#FFA7A6AA" font="1" align="centerbottom" normalimage="bk\command\toolbar_normal.png" hotimage="bk\command\toolbar_hover.png" pushedimage="bk\command\toolbar_pushed.png" group="quickbar" foreimage="file=&apos;icon\Title\tools.png&apos; dest=&apos;10,5,50,45&apos;" selectedimage="bk\command\toolbar_pushed.png" />
                <Option name="Title_shop" text="商城" float="true" pos="235,3,0,0" width="65" height="62" textpadding="0,40,0,2" textcolor="#FF386382" disabledtextcolor="#FFA7A6AA" font="1" align="centerbottom" normalimage="bk\command\toolbar_normal.png" hotimage="bk\command\toolbar_hover.png" pushedimage="bk\command\toolbar_pushed.png" group="quickbar" foreimage="file=&apos;icon\Title\shop.png&apos; dest=&apos;10,5,50,45&apos;" selectedimage="bk\command\toolbar_pushed.png" />
                <Option name="Title_Skin" text="新手皮肤" float="true" pos="311,3,0,0" width="65" height="62" textpadding="0,40,0,2" textcolor="#FF386382" disabledtextcolor="#FFA7A6AA" font="1" align="centerbottom" normalimage="bk\command\toolbar_normal.png" hotimage="bk\command\toolbar_hover.png" pushedimage="bk\command\toolbar_pushed.png" group="quickbar" foreimage="file=&apos;icon\Title\Skin.png&apos; dest=&apos;10,5,50,45&apos;" selectedimage="bk\command\toolbar_pushed.png" />
                <Option name="Title_BBS" text="论坛" float="true" pos="387,3,0,0" width="65" height="62" textpadding="0,40,0,2" textcolor="#FF386382" disabledtextcolor="#FFA7A6AA" font="1" align="centerbottom" normalimage="bk\command\toolbar_normal.png" hotimage="bk\command\toolbar_hover.png" pushedimage="bk\command\toolbar_pushed.png" group="quickbar" foreimage="file=&apos;icon\Title\BBS.png&apos; dest=&apos;10,5,50,45&apos;" selectedimage="bk\command\toolbar_pushed.png" />
            </HorizontalLayout>
            <HorizontalLayout width="234" height="67" inset="0,5,1,0">
                <Button name="93x_btn" width="233" height="62" bkimage="file=&apos;icon\logo.png&apos;" textcolor="#FF000000" disabledtextcolor="#FFA7A6AA" align="center" />
            </HorizontalLayout>
        </HorizontalLayout>
        <HorizontalLayout width="798" height="3">
            <Control width="798" height="3" bkcolor="#FF0080FF" />
        </HorizontalLayout>
        <HorizontalLayout width="798" height="485">
            <Control width="5" />
            <Control float="true" pos="791,1,0,0" width="8" height="454" />
            <TabLayout name="Tabchild" width="786" height="485">
                <HorizontalLayout>
                    <Server />
                </HorizontalLayout>
                <HorizontalLayout>
                    <Award />
                </HorizontalLayout>
                <HorizontalLayout>
                    <Tools />
                </HorizontalLayout>
                <HorizontalLayout>
                    <Shop />
                </HorizontalLayout>
                <HorizontalLayout>
                    <Skin />
                </HorizontalLayout>
                <HorizontalLayout>
                    <BBS />
                </HorizontalLayout>
            </TabLayout>
        </HorizontalLayout>
        <HorizontalLayout width="798" height="51">
            <Text text="{c #386382}消息:{/c}" float="true" pos="4,4,0,0" width="35" height="20" textpadding="2,0,2,0" textcolor="#FF000000" disabledtextcolor="#FFA7A6AA" showhtml="true" align="wrap" />
            <Text name="Outtip" text="{c #386382}none{/c}" float="true" pos="39,4,0,0" width="649" height="20" textpadding="2,0,2,0" textcolor="#FF000000" disabledtextcolor="#FFA7A6AA" showhtml="true" align="wrap" />
            <Text name="Outtip2" text="{c #386382}none{/c}" float="true" pos="38,26,0,0" width="753" height="20" textpadding="2,0,2,0" textcolor="#FF000000" disabledtextcolor="#FFA7A6AA" showhtml="true" align="wrap" />
            <Text text="{c #386382}输出:{/c}" float="true" pos="3,26,0,0" width="35" height="20" textpadding="2,0,2,0" textcolor="#FF000000" disabledtextcolor="#FFA7A6AA" showhtml="true" align="wrap" />
            <Text name="VersionTip" text="{c #386382}主程序版本：1.1.4{/c}" float="true" pos="690,4,0,0" width="107" height="20" textpadding="2,0,2,0" textcolor="#FF000000" disabledtextcolor="#FFA7A6AA" showhtml="true" align="wrap" />
        </HorizontalLayout>
    </VerticalLayout>
</Window>
