<?xml version="1.0" encoding="utf-8" standalone="yes" ?>
<Window size="472,513">
    <VerticalLayout width="474" height="513" bkimage="bk\bk2.jpg">
        <HorizontalLayout width="523" height="38">
            <HorizontalLayout width="398" height="37">
                <Container width="30" height="33" bkimage="file=&apos;icon\icon.png&apos;" />
                <Text text="兑换皮肤" float="true" pos="31,6,0,0" width="96" height="25" textpadding="2,0,2,0" textcolor="#FF447AA1" disabledtextcolor="#FFA7A6AA" font="0" align="wrap" />
            </HorizontalLayout>
            <HorizontalLayout width="76" height="38" inset="0,1,0,0">
                <Button name="minbtn" maxheight="17" maxwidth="26" textcolor="#FF000000" disabledtextcolor="#FFA7A6AA" align="center" normalimage="file=&apos;bk\command\sys_dlg_min.png&apos; source=&apos;52,0,78,17&apos;" hotimage="file=&apos;bk\command\sys_dlg_min.png&apos; source=&apos;26,0,52,17&apos;" pushedimage="file=&apos;bk\command\sys_dlg_min.png&apos; source=&apos;0,0,26,17&apos;" />
                <Button name="closebtn" maxheight="17" maxwidth="45" textcolor="#FF000000" disabledtextcolor="#FFA7A6AA" align="center" normalimage="file=&apos;bk\command\sys_dlg_close.png&apos; source=&apos;90,0,135,17&apos;" hotimage="file=&apos;bk\command\sys_dlg_close.png&apos; source=&apos;45,0,90,17&apos;" pushedimage="file=&apos;bk\command\sys_dlg_close.png&apos; source=&apos;0,0,45,17&apos;" />
            </HorizontalLayout>
        </HorizontalLayout>
    </VerticalLayout>
</Window>
