<?xml version="1.0" encoding="utf-8" standalone="yes" ?>
<Window size="776,468" sizebox="4,4,4,4" caption="0,0,0,30" mininfo="786,457" roundcorner="5,5" showdirty="true">
    <Font name="宋体" size="13" bold="false" italic="false" />
    <Font name="宋体" size="12" bold="false" italic="false" />
    <Default name="VScrollBar" value="button1normalimage=&quot;file=&apos;bk\command\scroll.png&apos; source=&apos;0,0,16,16&apos;&quot; &#x0D;&#x0A;button1hotimage=&quot;file=&apos;bk\command\scroll.png&apos; source=&apos;0,0,16,16&apos;&quot; &#x0D;&#x0A;button1pushedimage=&quot;file=&apos;bk\command\scroll.png&apos; source=&apos;0,16,16,32&apos;&quot; &#x0D;&#x0A;button1disabledimage=&quot;file=&apos;bk\command\scroll.png&apos; source=&apos;0,0,16,16&apos;&quot; &#x0D;&#x0A;button2normalimage=&quot;file=&apos;bk\command\scroll.png&apos; source=&apos;0,32,16,48&apos;&quot; &#x0D;&#x0A;button2hotimage=&quot;file=&apos;bk\command\scroll.png&apos; source=&apos;0,32,16,48&apos;&quot; &#x0D;&#x0A;button2pushedimage=&quot;file=&apos;bk\command\scroll.png&apos; source=&apos;0,48,16,64&apos;&quot; &#x0D;&#x0A;button2disabledimage=&quot;file=&apos;bk\command\scroll.png&apos; source=&apos;0,32,16,48&apos;&quot; &#x0D;&#x0A;thumbnormalimage=&quot;file=&apos;bk\command\scroll.png&apos; source=&apos;0,64,16,80&apos; corner=&apos;2,2,2,2&apos;&quot; &#x0D;&#x0A;thumbhotimage=&quot;file=&apos;bk\command\scroll.png&apos; source=&apos;0,64,16,80&apos; corner=&apos;2,2,2,2&apos;&quot; &#x0D;&#x0A;thumbpushedimage=&quot;ffile=&apos;bk\command\scroll.png&apos; source=&apos;0,64,16,80&apos; corner=&apos;2,2,2,2&apos;&quot; &#x0D;&#x0A;thumbdisabledimage=&quot;file=&apos;bk\command\scroll.png&apos; source=&apos;0,64,16,80&apos; corner=&apos;2,2,2,2&apos;&quot; &#x0D;&#x0A;railnormalimage=&quot;file=&apos;bk\command\scroll.png&apos; source=&apos;0,80,16,96&apos; corner=&apos;2,2,2,2&apos;&quot; &#x0D;&#x0A;railhotimage=&quot;file=&apos;bk\command\scroll.png&apos; source=&apos;0,80,16,96&apos; corner=&apos;2,2,2,2&apos;&quot; &#x0D;&#x0A;railpushedimage=&quot;file=&apos;bk\command\scroll.png&apos; source=&apos;0,96,16,112&apos; corner=&apos;2,2,2,2&apos;&quot; &#x0D;&#x0A;raildisabledimage=&quot;file=&apos;bk\command\scroll.png&apos; source=&apos;0,80,16,96&apos; corner=&apos;2,2,2,2&apos;&quot; &#x0D;&#x0A;bknormalimage=&quot;file=&apos;bk\command\scroll.png&apos; source=&apos;0,128,16,146&apos; corner=&apos;2,2,2,2&apos;&quot; &#x0D;&#x0A;bkhotimage=&quot;file=&apos;bk\command\scroll.png&apos; source=&apos;0,128,16,146&apos; corner=&apos;2,2,2,2&apos;&quot; &#x0D;&#x0A;bkpushedimage=&quot;file=&apos;bk\command\scroll.png&apos; source=&apos;0,128,16,146&apos; corner=&apos;2,2,2,2&apos;&quot; &#x0D;&#x0A;bkdisabledimage=&quot;file=&apos;bk\command\scroll.png&apos; source=&apos;0,128,16,146&apos; corner=&apos;2,2,2,2&apos;&quot; " />
    <VerticalLayout width="798" height="492">
        <HorizontalLayout width="737" height="159">
            <Button name="Button_cmd" text="指令查询" float="true" pos="128,19,0,0" width="90" height="37" textcolor="#FF386382" disabledtextcolor="#FFA7A6AA" font="2" align="center" normalimage="bk\command\tabbar_normal.png" hotimage="bk\command\tabbar_hover.png" pushedimage="bk\command\tabbar_pushed.png" />
            <Button name="Button_mapclear" text="地图清理" float="true" pos="26,19,0,0" width="90" height="37" textcolor="#FF386382" disabledtextcolor="#FFA7A6AA" font="2" align="center" normalimage="bk\command\tabbar_normal.png" hotimage="bk\command\tabbar_hover.png" pushedimage="bk\command\tabbar_pushed.png" />
            <Button name="Button_SteamUser" text="Steam帐号切换工具" float="true" pos="231,19,0,0" width="110" height="37" textcolor="#FF386382" disabledtextcolor="#FFA7A6AA" font="2" align="center" normalimage="bk\command\tabbar_normal.png" hotimage="bk\command\tabbar_hover.png" pushedimage="bk\command\tabbar_pushed.png" />
        </HorizontalLayout>
    </VerticalLayout>
</Window>
